resid,segid,resname,lit_resid,lipid_species,contact_freq
1,PROA,LEU,79,CHL1,0.99
1,PROA,LEU,79,DOPC,0.43
1,PROA,LEU,79,PAPC,0.05
1,PROA,LEU,79,PAPE,0.01
1,PROA,LEU,79,POPC,0.81
1,PROA,LEU,79,POPE,0.13
1,PROA,LEU,79,POPS,0.05
1,PROA,LEU,79,PSM,1.0
1,PROA,LEU,79,SDPE,0.29
1,PROA,LEU,79,SDPS,0.02
2,PROA,LEU,80,CHL1,1.0
2,PROA,LEU,80,DOPC,1.0
2,PROA,LEU,80,PAPE,0.03
2,PROA,LEU,80,POPC,0.16
2,PROA,LEU,80,POPE,0.01
2,PROA,LEU,80,PSM,0.19
2,PROA,LEU,80,SDPE,0.7
3,PROA,THR,81,DOPC,1.0
4,PROA,ALA,82,CHL1,0.01
4,PROA,ALA,82,PAPC,0.85
4,PROA,ALA,82,POPC,0.23
4,PROA,ALA,82,POPE,0.04
4,PROA,ALA,82,POPS,0.01
4,PROA,ALA,82,PSM,0.95
4,PROA,ALA,82,SDPE,0.01
5,PROA,VAL,83,CHL1,0.6
5,PROA,VAL,83,DOPC,0.82
5,PROA,VAL,83,PAPS,0.22
5,PROA,VAL,83,POPC,0.36
5,PROA,VAL,83,POPE,0.66
5,PROA,VAL,83,POPS,0.11
5,PROA,VAL,83,PSM,0.66
5,PROA,VAL,83,SDPE,0.91
6,PROA,VAL,84,CHL1,0.12
6,PROA,VAL,84,DOPC,1.0
6,PROA,VAL,84,SDPE,0.03
7,PROA,ILE,85,CHL1,0.91
7,PROA,ILE,85,PAPC,0.89
7,PROA,ILE,85,PSM,0.11
7,PROA,ILE,85,SDPE,0.01
8,PROA,ILE,86,CHL1,0.92
8,PROA,ILE,86,PAPC,0.93
8,PROA,ILE,86,PAPS,0.37
8,PROA,ILE,86,POPC,0.26
8,PROA,ILE,86,POPE,0.77
8,PROA,ILE,86,POPS,0.18
8,PROA,ILE,86,PSM,0.77
8,PROA,ILE,86,SDPE,0.9
9,PROA,LEU,87,CHL1,0.79
9,PROA,LEU,87,DOPC,0.61
9,PROA,LEU,87,PAPS,0.91
9,PROA,LEU,87,POPE,0.46
9,PROA,LEU,87,SDPE,0.67
11,PROA,ILE,89,CHL1,0.98
11,PROA,ILE,89,PAPC,0.19
11,PROA,ILE,89,PSM,0.01
11,PROA,ILE,89,SDPE,0.99
12,PROA,ALA,90,CHL1,0.31
12,PROA,ALA,90,PAPC,0.03
12,PROA,ALA,90,PAPS,0.82
12,PROA,ALA,90,POPE,0.02
12,PROA,ALA,90,SDPE,1.0
13,PROA,GLY,91,PAPS,0.78
13,PROA,GLY,91,SDPE,0.19
15,PROA,ILE,93,CHL1,0.27
15,PROA,ILE,93,PAPE,0.98
15,PROA,ILE,93,PSM,0.02
15,PROA,ILE,93,SDPE,1.0
16,PROA,LEU,94,PAPS,1.0
16,PROA,LEU,94,SDPE,1.0
17,PROA,VAL,95,PAPS,0.36
17,PROA,VAL,95,SDPE,0.02
18,PROA,ILE,96,PAPE,0.9
18,PROA,ILE,96,PSM,0.84
19,PROA,MET,97,CHL1,0.41
19,PROA,MET,97,PAPE,1.0
19,PROA,MET,97,PSM,0.54
19,PROA,MET,97,SDPE,1.0
20,PROA,ALA,98,SDPE,0.05
21,PROA,VAL,99,POPE,0.04
21,PROA,VAL,99,PSM,0.75
22,PROA,SER,100,CHL1,0.04
22,PROA,SER,100,PAPE,0.59
22,PROA,SER,100,PSM,1.0
23,PROA,LEU,101,CHL1,0.14
23,PROA,LEU,101,PAPE,0.99
23,PROA,LEU,101,PSM,1.0
23,PROA,LEU,101,SDPE,0.44
24,PROA,GLU,102,PAPE,0.01
24,PROA,GLU,102,SDPE,0.15
25,PROA,LYS,103,POPE,0.26
25,PROA,LYS,103,PSM,0.88
28,PROA,GLN,106,POPE,0.9
28,PROA,GLN,106,PSM,0.93
33,PROA,TYR,111,POPE,1.0
33,PROA,TYR,111,PSM,0.85
34,PROA,PHE,112,POPE,1.0
36,PROA,MET,114,PAPE,0.04
36,PROA,MET,114,POPE,1.0
36,PROA,MET,114,PSM,1.0
37,PROA,SER,115,POPE,1.0
37,PROA,SER,115,SDPE,0.01
40,PROA,ILE,118,CHL1,0.01
40,PROA,ILE,118,PAPE,0.26
40,PROA,ILE,118,POPE,1.0
40,PROA,ILE,118,PSM,1.0
40,PROA,ILE,118,SDPE,0.02
41,PROA,ALA,119,POPE,0.02
43,PROA,MET,121,CHL1,0.03
43,PROA,MET,121,PAPE,0.86
43,PROA,MET,121,PSM,0.77
43,PROA,MET,121,SDPE,0.82
44,PROA,LEU,122,CHL1,0.04
44,PROA,LEU,122,GalCer,0.3
44,PROA,LEU,122,PAPE,0.34
44,PROA,LEU,122,POPE,1.0
44,PROA,LEU,122,PSM,0.94
44,PROA,LEU,122,SDPE,0.24
46,PROA,GLY,124,CHL1,0.53
46,PROA,GLY,124,PAPC,0.01
47,PROA,PHE,125,CHL1,1.0
47,PROA,PHE,125,GalCer,0.18
47,PROA,PHE,125,PAPC,0.02
47,PROA,PHE,125,PAPE,0.46
47,PROA,PHE,125,POPE,0.08
47,PROA,PHE,125,PSM,0.99
47,PROA,PHE,125,SDPE,0.97
47,PROA,PHE,125,SSM,0.15
48,PROA,LEU,126,CHL1,0.88
48,PROA,LEU,126,GalCer,1.0
48,PROA,LEU,126,PAPE,0.08
48,PROA,LEU,126,POPE,0.63
48,PROA,LEU,126,PSM,0.92
48,PROA,LEU,126,SDPE,0.08
49,PROA,VAL,127,GalCer,0.13
51,PROA,PRO,129,CHL1,1.0
51,PROA,PRO,129,GalCer,0.01
51,PROA,PRO,129,PAPC,0.98
51,PROA,PRO,129,PSM,0.05
52,PROA,VAL,130,CHL1,1.0
52,PROA,VAL,130,GalCer,0.71
52,PROA,VAL,130,PAPC,0.01
54,PROA,MET,132,PAPC,0.98
54,PROA,MET,132,POPC,0.02
54,PROA,MET,132,PSM,0.97
55,PROA,LEU,133,CHL1,0.99
55,PROA,LEU,133,PAPC,1.0
55,PROA,LEU,133,PSM,0.88
57,PROA,ILE,135,DOPC,1.0
58,PROA,LEU,136,DOPC,0.04
58,PROA,LEU,136,PAPC,0.23
58,PROA,LEU,136,PSM,1.0
59,PROA,TYR,137,CHL1,0.24
59,PROA,TYR,137,PAPC,1.0
59,PROA,TYR,137,PSM,0.94
60,PROA,GLY,138,DOPC,0.12
61,PROA,TYR,139,DOPC,0.93
62,PROA,ARG,140,PAPC,0.56
63,PROA,TRP,141,GalCer,0.17
63,PROA,TRP,141,PAPC,0.68
64,PROA,PRO,142,CHL1,1.0
64,PROA,PRO,142,PAPC,0.86
65,PROA,LEU,143,CHL1,0.77
65,PROA,LEU,143,PAPC,0.94
65,PROA,LEU,143,PSM,0.96
65,PROA,LEU,143,SSM,0.35
66,PROA,PRO,144,CHL1,1.0
66,PROA,PRO,144,GalCer,0.95
66,PROA,PRO,144,PAPC,0.33
66,PROA,PRO,144,PSM,0.92
67,PROA,SER,145,GalCer,0.04
67,PROA,SER,145,PSM,0.26
68,PROA,LYS,146,CHL1,0.68
68,PROA,LYS,146,GalCer,1.0
68,PROA,LYS,146,POPE,0.2
68,PROA,LYS,146,PSM,0.03
69,PROA,LEU,147,CHL1,1.0
69,PROA,LEU,147,GalCer,1.0
69,PROA,LEU,147,PSM,0.87
71,PROA,ALA,149,GalCer,0.02
72,PROA,VAL,150,CHL1,0.93
72,PROA,VAL,150,GalCer,1.0
73,PROA,TRP,151,GalCer,0.71
75,PROA,TYR,153,CHL1,0.73
75,PROA,TYR,153,GalCer,0.88
75,PROA,TYR,153,POPE,0.21
75,PROA,TYR,153,SDPE,0.11
76,PROA,LEU,154,CHL1,0.08
76,PROA,LEU,154,GalCer,1.0
76,PROA,LEU,154,POPE,0.43
76,PROA,LEU,154,PSM,0.01
79,PROA,LEU,157,CHL1,0.17
79,PROA,LEU,157,GalCer,0.67
79,PROA,LEU,157,POPE,0.4
79,PROA,LEU,157,SDPE,0.32
80,PROA,PHE,158,CHL1,0.05
80,PROA,PHE,158,GalCer,0.6
80,PROA,PHE,158,POPE,0.91
80,PROA,PHE,158,PSM,0.01
80,PROA,PHE,158,SDPE,0.13
86,PROA,MET,164,CHL1,0.01
86,PROA,MET,164,POPE,1.0
89,PROA,CYS,167,POPE,0.9
90,PROA,ALA,168,POPE,1.0
93,PROA,LEU,171,CHL1,0.94
93,PROA,LEU,171,POPE,1.0
93,PROA,LEU,171,SDPE,1.0
94,PROA,ASP,172,POPE,1.0
96,PROA,TYR,174,CHL1,1.0
96,PROA,TYR,174,SDPE,0.7
96,PROA,TYR,174,SDPS,0.01
97,PROA,VAL,175,CHL1,0.71
97,PROA,VAL,175,POPE,1.0
97,PROA,VAL,175,SDPE,0.72
100,PROA,GLN,178,CHL1,0.15
100,PROA,GLN,178,SDPE,0.74
100,PROA,GLN,178,SDPS,0.04
101,PROA,ASN,179,CHL1,0.13
101,PROA,ASN,179,POPE,0.27
101,PROA,ASN,179,SDPE,0.86
102,PROA,PRO,180,SDPE,0.01
104,PROA,HSD,182,POPE,0.47
104,PROA,HSD,182,SAPI,0.02
104,PROA,HSD,182,SDPE,0.22
105,PROA,HSD,183,POPE,0.35
107,PROA,ARG,185,SAPI,0.08
108,PROA,PHE,186,PAPC,0.03
108,PROA,PHE,186,POPE,0.65
108,PROA,PHE,186,SAPI,0.53
109,PROA,ASN,187,POPE,0.12
109,PROA,ASN,187,SAPI,0.15
110,PROB,SER,188,DOPC,0.03
110,PROB,SER,188,PAPC,0.17
110,PROB,SER,188,POPE,0.09
110,PROB,SER,188,SAPI,0.58
111,PROB,ARG,189,DOPC,0.02
111,PROB,ARG,189,PAPC,0.01
111,PROB,ARG,189,POPE,1.0
111,PROB,ARG,189,SAPI,0.14
111,PROB,ARG,189,SDPE,0.85
112,PROB,THR,190,DOPC,0.25
112,PROB,THR,190,PAPC,1.0
112,PROB,THR,190,SAPI,0.54
112,PROB,THR,190,SDPE,0.68
113,PROB,LYS,191,CHL1,0.08
113,PROB,LYS,191,PAPC,0.14
113,PROB,LYS,191,POPE,1.0
113,PROB,LYS,191,SAPI,0.86
114,PROB,ALA,192,POPE,0.04
115,PROB,PHE,193,DOPC,0.05
115,PROB,PHE,193,PAPC,0.95
115,PROB,PHE,193,POPE,1.0
115,PROB,PHE,193,SDPE,1.0
116,PROB,LEU,194,CHL1,0.35
116,PROB,LEU,194,PAPC,0.99
116,PROB,LEU,194,POPE,0.98
116,PROB,LEU,194,SAPI,1.0
117,PROB,LYS,195,POPE,1.0
118,PROB,ILE,196,POPE,1.0
118,PROB,ILE,196,SDPE,0.89
119,PROB,ILE,197,DOPC,0.35
119,PROB,ILE,197,PAPC,1.0
119,PROB,ILE,197,POPE,0.04
119,PROB,ILE,197,SAPI,0.44
119,PROB,ILE,197,SDPE,1.0
120,PROB,ALA,198,PAPC,0.7
120,PROB,ALA,198,POPE,1.0
120,PROB,ALA,198,SAPI,0.2
121,PROB,VAL,199,POPE,0.99
122,PROB,TRP,200,CHL1,0.01
122,PROB,TRP,200,DOPC,0.03
122,PROB,TRP,200,GalCer,0.06
122,PROB,TRP,200,PAPC,0.16
122,PROB,TRP,200,POPE,1.0
122,PROB,TRP,200,SAPI,0.03
122,PROB,TRP,200,SDPE,1.0
123,PROB,THR,201,CHL1,0.98
123,PROB,THR,201,DOPC,0.24
123,PROB,THR,201,GalCer,0.12
123,PROB,THR,201,PAPC,0.98
123,PROB,THR,201,POPE,0.4
123,PROB,THR,201,SAPI,0.88
123,PROB,THR,201,SDPC,0.07
123,PROB,THR,201,SDPE,0.6
124,PROB,ILE,202,CHL1,0.99
124,PROB,ILE,202,GalCer,0.02
124,PROB,ILE,202,PAPC,0.55
124,PROB,ILE,202,POPE,1.0
124,PROB,ILE,202,SAPI,0.13
124,PROB,ILE,202,SDPE,0.07
126,PROB,VAL,204,CHL1,0.93
126,PROB,VAL,204,DOPC,0.04
126,PROB,VAL,204,GalCer,0.55
126,PROB,VAL,204,PAPC,0.28
126,PROB,VAL,204,POPE,0.16
126,PROB,VAL,204,SAPI,0.06
126,PROB,VAL,204,SDPE,0.9
127,PROB,GLY,205,CHL1,1.0
127,PROB,GLY,205,GalCer,0.05
127,PROB,GLY,205,PAPC,0.01
127,PROB,GLY,205,POPE,0.04
127,PROB,GLY,205,PSM,0.03
127,PROB,GLY,205,SAPI,0.01
128,PROB,ILE,206,CHL1,1.0
128,PROB,ILE,206,POPE,0.89
130,PROB,MET,208,CHL1,1.0
130,PROB,MET,208,GalCer,1.0
130,PROB,MET,208,PAPC,0.07
130,PROB,MET,208,POPE,0.03
130,PROB,MET,208,PSM,0.03
130,PROB,MET,208,SDPE,0.02
131,PROB,PRO,209,CHL1,1.0
133,PROB,PRO,211,CHL1,0.73
133,PROB,PRO,211,GalCer,0.92
134,PROB,VAL,212,CHL1,1.0
134,PROB,VAL,212,GalCer,1.0
135,PROB,PHE,213,CHL1,1.0
135,PROB,PHE,213,PSM,0.2
137,PROB,LEU,215,CHL1,1.0
137,PROB,LEU,215,GalCer,0.99
138,PROB,GLN,216,CHL1,0.5
138,PROB,GLN,216,GalCer,1.0
138,PROB,GLN,216,PSM,0.01
139,PROB,ASP,217,GalCer,0.03
139,PROB,ASP,217,PSM,0.02
142,PROB,LYS,220,CHL1,0.35
142,PROB,LYS,220,GalCer,0.02
147,PROB,GLY,225,PAPC,0.03
153,PROB,ASP,231,CHL1,0.7
153,PROB,ASP,231,GalCer,0.01
154,PROB,ASP,232,GalCer,0.13
155,PROB,ASN,233,CHL1,0.99
155,PROB,ASN,233,GalCer,0.92
155,PROB,ASN,233,POPC,0.01
155,PROB,ASN,233,PSM,0.01
156,PROB,PHE,234,CHL1,1.0
158,PROB,LEU,236,CHL1,0.98
158,PROB,LEU,236,DOPC,0.01
158,PROB,LEU,236,GalCer,0.84
159,PROB,ILE,237,CHL1,1.0
159,PROB,ILE,237,GalCer,1.0
159,PROB,ILE,237,POPC,0.72
159,PROB,ILE,237,SDPE,0.15
160,PROB,GLY,238,CHL1,0.35
161,PROB,SER,239,CHL1,0.02
162,PROB,PHE,240,CHL1,1.0
162,PROB,PHE,240,DOPC,0.71
162,PROB,PHE,240,GalCer,1.0
162,PROB,PHE,240,POPC,0.42
162,PROB,PHE,240,POPE,0.01
162,PROB,PHE,240,SDPE,0.14
163,PROB,VAL,241,CHL1,1.0
163,PROB,VAL,241,GalCer,0.47
163,PROB,VAL,241,POPC,0.68
163,PROB,VAL,241,POPE,0.99
163,PROB,VAL,241,SDPE,0.57
164,PROB,SER,242,POPE,0.02
165,PROB,PHE,243,DOPC,0.01
165,PROB,PHE,243,POPC,0.01
166,PROB,PHE,244,CHL1,0.33
166,PROB,PHE,244,DOPC,1.0
166,PROB,PHE,244,GalCer,0.61
166,PROB,PHE,244,PAPE,0.02
166,PROB,PHE,244,POPC,0.24
166,PROB,PHE,244,SAPI,0.06
166,PROB,PHE,244,SDPE,0.06
167,PROB,ILE,245,CHL1,0.89
167,PROB,ILE,245,DOPC,0.09
167,PROB,ILE,245,GalCer,0.88
167,PROB,ILE,245,POPC,0.46
167,PROB,ILE,245,POPE,1.0
167,PROB,ILE,245,SDPE,0.97
168,PROB,PRO,246,POPE,0.97
168,PROB,PRO,246,SDPE,0.01
169,PROB,LEU,247,CHL1,0.29
169,PROB,LEU,247,DOPC,0.76
169,PROB,LEU,247,GalCer,0.02
169,PROB,LEU,247,PAPE,0.01
169,PROB,LEU,247,POPC,0.32
169,PROB,LEU,247,SAPI,0.41
169,PROB,LEU,247,SDPE,0.12
169,PROB,LEU,247,SDPS,0.08
170,PROB,THR,248,CHL1,0.99
170,PROB,THR,248,DOPC,0.61
170,PROB,THR,248,GalCer,0.54
170,PROB,THR,248,POPC,0.03
170,PROB,THR,248,SAPI,0.14
170,PROB,THR,248,SDPE,0.92
170,PROB,THR,248,SDPS,0.07
171,PROB,ILE,249,CHL1,1.0
171,PROB,ILE,249,POPE,0.99
171,PROB,ILE,249,SDPE,1.0
173,PROB,VAL,251,CHL1,0.59
173,PROB,VAL,251,DOPC,0.39
173,PROB,VAL,251,POPC,0.06
173,PROB,VAL,251,SAPI,0.65
173,PROB,VAL,251,SDPE,0.41
173,PROB,VAL,251,SDPS,0.28
174,PROB,ILE,252,CHL1,1.0
174,PROB,ILE,252,SAPI,0.84
174,PROB,ILE,252,SDPE,0.99
174,PROB,ILE,252,SDPS,0.38
175,PROB,THR,253,CHL1,0.86
176,PROB,TYR,254,CHL1,0.99
176,PROB,TYR,254,SDPS,0.7
177,PROB,PHE,255,CHL1,1.0
177,PROB,PHE,255,PSM,0.01
177,PROB,PHE,255,SAPI,1.0
177,PROB,PHE,255,SDPE,0.11
177,PROB,PHE,255,SDPS,0.33
178,PROB,LEU,256,CHL1,0.98
178,PROB,LEU,256,SAPI,0.72
178,PROB,LEU,256,SDPE,0.99
178,PROB,LEU,256,SDPS,0.67
180,PROB,ILE,258,CHL1,1.0
180,PROB,ILE,258,SAPI,0.99
180,PROB,ILE,258,SDPS,0.18
181,PROB,LYS,259,CHL1,0.17
181,PROB,LYS,259,SAPI,1.0
181,PROB,LYS,259,SDPC,0.13
181,PROB,LYS,259,SDPE,0.18
181,PROB,LYS,259,SDPS,0.94
184,PROB,GLN,262,CHL1,0.34
184,PROB,GLN,262,PSM,0.07
184,PROB,GLN,262,SAPI,1.0
184,PROB,GLN,262,SDPS,0.05
185,PROB,LYS,263,CHL1,0.11
185,PROB,LYS,263,POPI,0.1
185,PROB,LYS,263,SAPI,0.81
185,PROB,LYS,263,SDPC,0.34
185,PROB,LYS,263,SDPE,0.01
185,PROB,LYS,263,SDPS,0.18
188,PROC,ILE,315,SAPI,0.02
189,PROC,SER,316,SDPS,0.51
192,PROC,GLN,319,CHL1,0.08
192,PROC,GLN,319,PAPE,0.01
192,PROC,GLN,319,PSM,0.05
192,PROC,GLN,319,SAPI,0.01
192,PROC,GLN,319,SDPS,0.96
193,PROC,LYS,320,CHL1,0.01
193,PROC,LYS,320,SDPE,0.01
193,PROC,LYS,320,SDPS,0.32
195,PROC,CYS,322,CHL1,0.53
195,PROC,CYS,322,SDPS,0.82
196,PROC,LYS,323,CHL1,0.13
196,PROC,LYS,323,PAPE,0.98
196,PROC,LYS,323,SDPS,1.0
197,PROC,VAL,324,CHL1,0.02
197,PROC,VAL,324,PAPE,0.18
199,PROC,GLY,326,PAPE,0.06
199,PROC,GLY,326,SDPS,0.58
200,PROC,ILE,327,CHL1,0.97
200,PROC,ILE,327,PAPE,1.0
200,PROC,ILE,327,SDPS,0.17
202,PROC,PHE,329,CHL1,0.95
202,PROC,PHE,329,POPC,0.06
202,PROC,PHE,329,PSM,0.02
202,PROC,PHE,329,SAPI,0.34
202,PROC,PHE,329,SDPE,0.01
202,PROC,PHE,329,SDPS,0.37
203,PROC,PHE,330,CHL1,0.99
203,PROC,PHE,330,PAPE,0.92
203,PROC,PHE,330,PSM,0.27
203,PROC,PHE,330,SDPS,1.0
204,PROC,LEU,331,CHL1,0.67
204,PROC,LEU,331,DOPC,0.02
204,PROC,LEU,331,PAPE,0.93
206,PROC,VAL,333,CHL1,0.43
206,PROC,VAL,333,DOPC,0.12
206,PROC,VAL,333,PAPE,0.67
206,PROC,VAL,333,POPC,0.18
206,PROC,VAL,333,PSM,0.22
206,PROC,VAL,333,SAPI,0.38
206,PROC,VAL,333,SDPS,0.8
207,PROC,VAL,334,CHL1,0.94
207,PROC,VAL,334,DOPC,0.48
207,PROC,VAL,334,PAPE,1.0
207,PROC,VAL,334,POPC,0.08
207,PROC,VAL,334,PSM,0.2
207,PROC,VAL,334,SDPS,0.99
208,PROC,MET,335,CHL1,0.94
208,PROC,MET,335,DOPC,0.45
208,PROC,MET,335,PAPE,0.79
208,PROC,MET,335,POPC,0.01
208,PROC,MET,335,SDPS,0.08
210,PROC,CYS,337,CHL1,0.02
210,PROC,CYS,337,DOPC,0.23
210,PROC,CYS,337,PAPE,0.89
210,PROC,CYS,337,POPC,0.35
210,PROC,CYS,337,PSM,0.07
210,PROC,CYS,337,SAPI,0.22
210,PROC,CYS,337,SDPS,0.08
211,PROC,PRO,338,CHL1,0.81
211,PROC,PRO,338,DOPC,0.06
211,PROC,PRO,338,PAPE,1.0
211,PROC,PRO,338,POPC,0.09
211,PROC,PRO,338,PSM,0.05
211,PROC,PRO,338,SDPS,0.13
213,PROC,PHE,340,DOPC,0.07
214,PROC,ILE,341,CHL1,0.08
214,PROC,ILE,341,DOPC,1.0
214,PROC,ILE,341,GalCer,0.05
214,PROC,ILE,341,PAPC,0.03
214,PROC,ILE,341,PAPE,0.99
214,PROC,ILE,341,POPC,0.77
214,PROC,ILE,341,SAPI,0.1
214,PROC,ILE,341,SDPS,0.03
215,PROC,THR,342,PAPE,0.96
217,PROC,ILE,344,CHL1,0.49
217,PROC,ILE,344,DOPC,0.99
217,PROC,ILE,344,GalCer,0.07
218,PROC,MET,345,DOPC,1.0
218,PROC,MET,345,PAPE,0.99
218,PROC,MET,345,POPC,0.82
220,PROC,VAL,347,CHL1,0.07
220,PROC,VAL,347,DOPC,0.01
220,PROC,VAL,347,GalCer,0.03
221,PROC,ILE,348,CHL1,0.94
221,PROC,ILE,348,DOPC,1.0
221,PROC,ILE,348,GalCer,1.0
221,PROC,ILE,348,POPC,0.01
222,PROC,CYS,349,DOPC,1.0
222,PROC,CYS,349,PAPE,0.18
222,PROC,CYS,349,POPC,0.19
223,PROC,LYS,350,DOPC,0.73
223,PROC,LYS,350,GalCer,0.46
223,PROC,LYS,350,PAPC,0.13
223,PROC,LYS,350,POPC,0.01
224,PROC,GLU,351,DOPC,0.8
224,PROC,GLU,351,GalCer,0.01
224,PROC,GLU,351,PAPC,0.04
224,PROC,GLU,351,POPC,0.08
225,PROC,SER,352,DOPC,0.38
225,PROC,SER,352,PAPE,0.13
225,PROC,SER,352,POPC,0.14
226,PROC,CYS,353,DOPC,0.55
226,PROC,CYS,353,PAPE,0.36
226,PROC,CYS,353,POPC,0.22
227,PROC,ASN,354,DOPC,0.18
227,PROC,ASN,354,PAPE,0.99
227,PROC,ASN,354,POPC,0.32
228,PROC,GLU,355,DOPC,0.01
228,PROC,GLU,355,PAPE,0.03
229,PROC,ASP,356,DOPC,0.16
229,PROC,ASP,356,PAPE,0.01
229,PROC,ASP,356,POPC,0.07
230,PROC,VAL,357,CHL1,0.23
230,PROC,VAL,357,DOPC,0.05
230,PROC,VAL,357,PAPE,1.0
230,PROC,VAL,357,POPC,0.3
231,PROC,ILE,358,DOPC,0.11
231,PROC,ILE,358,PAPE,0.98
231,PROC,ILE,358,POPC,0.07
232,PROC,GLY,359,DOPC,0.06
233,PROC,ALA,360,CHL1,0.72
233,PROC,ALA,360,DOPC,0.51
233,PROC,ALA,360,POPC,0.1
234,PROC,LEU,361,CHL1,0.94
234,PROC,LEU,361,PAPE,1.0
234,PROC,LEU,361,POPC,0.17
236,PROC,ASN,363,DOPC,0.94
237,PROC,VAL,364,CHL1,1.0
237,PROC,VAL,364,DOPC,1.0
237,PROC,VAL,364,POPC,0.03
238,PROC,PHE,365,CHL1,0.95
238,PROC,PHE,365,DOPC,0.06
238,PROC,PHE,365,PAPE,0.99
238,PROC,PHE,365,POPC,0.14
240,PROC,TRP,367,DOPC,1.0
241,PROC,ILE,368,CHL1,0.93
241,PROC,ILE,368,DOPC,1.0
241,PROC,ILE,368,PAPE,0.06
241,PROC,ILE,368,POPC,0.03
241,PROC,ILE,368,SDPS,0.05
244,PROC,LEU,371,CHL1,0.98
244,PROC,LEU,371,DOPC,1.0
244,PROC,LEU,371,PAPE,0.07
244,PROC,LEU,371,PAPS,0.02
244,PROC,LEU,371,SDPE,0.22
244,PROC,LEU,371,SDPS,0.03
247,PROC,ALA,374,CHL1,0.32
247,PROC,ALA,374,DOPC,0.01
247,PROC,ALA,374,PAPS,0.16
247,PROC,ALA,374,SDPE,0.18
248,PROC,VAL,375,CHL1,1.0
248,PROC,VAL,375,DOPC,0.01
248,PROC,VAL,375,PAPE,0.31
248,PROC,VAL,375,PAPS,0.04
248,PROC,VAL,375,SDPE,0.16
250,PROC,PRO,377,PAPS,0.44
250,PROC,PRO,377,SDPE,0.11
251,PROC,LEU,378,CHL1,1.0
251,PROC,LEU,378,PAPS,0.95
251,PROC,LEU,378,SDPE,0.3
252,PROC,VAL,379,CHL1,0.99
252,PROC,VAL,379,PAPE,0.05
254,PROC,THR,381,PAPS,0.37
254,PROC,THR,381,SDPE,0.05
255,PROC,LEU,382,CHL1,1.0
255,PROC,LEU,382,PAPS,1.0
255,PROC,LEU,382,SDPE,0.06
256,PROC,PHE,383,CHL1,1.0
256,PROC,PHE,383,PAPE,0.34
258,PROC,LYS,385,PAPS,0.1
258,PROC,LYS,385,SDPE,0.05
260,PROC,TYR,387,PAPS,0.01
261,PROC,ARG,388,CHL1,0.81
261,PROC,ARG,388,PAPS,0.94
261,PROC,ARG,388,SDPE,0.63
262,PROC,SER,389,PAPS,0.02
263,PROC,ALA,390,SDPE,0.18
264,PROC,PHE,391,CHL1,0.02
264,PROC,PHE,391,PAPS,1.0
264,PROC,PHE,391,POPE,0.03
264,PROC,PHE,391,SDPE,0.29
265,PROC,SER,392,CHL1,0.01
265,PROC,SER,392,PAPS,1.0
265,PROC,SER,392,POPE,0.14
265,PROC,SER,392,SDPE,0.12
266,PROC,ARG,393,CHL1,0.26
266,PROC,ARG,393,PAPS,0.81
266,PROC,ARG,393,POPE,0.22
266,PROC,ARG,393,POPS,0.21
266,PROC,ARG,393,SDPE,0.79
