condition,chain,edge,source,sink,revised_edge,interdomain,interchain,conserved_edge,weight,normalized_weight,weight_chx
gi,"('A', 'R')","(624, 739)",624,739,"('A:T213', 'R:P101')",True,True,False,257248,1.0,1.2
gi,"('R', 'R')","(735, 739)",735,739,"('R:A97', 'R:P101')",True,False,False,252340,0.9809,1.1809
gi,"('A', 'A')","(499, 502)",499,502,"('A:F88', 'A:V91')",False,False,False,251514,0.9777,1.1777
gi,"('A', 'A')","(504, 623)",504,623,"('A:A93', 'A:V212')",True,False,False,215860,0.8391,1.0391
gi,"('R', 'R')","(731, 735)",731,735,"('R:D93', 'R:A97')",False,False,False,215416,0.8374,1.0374
gi,"('A', 'A')","(502, 504)",502,504,"('A:V91', 'A:A93')",False,False,False,209170,0.8131,1.0131
gi,"('A', 'A')","(623, 624)",623,624,"('A:V212', 'A:T213')",False,False,False,204274,0.7941,0.9941
gi,"('B', 'A')","(117, 499)",117,499,"('B:L117', 'A:F88')",True,True,False,181372,0.705,0.905
gi,"('A', 'A')","(498, 499)",498,499,"('A:C87', 'A:F88')",False,False,False,180764,0.7027,0.9027
gi,"('R', 'R')","(727, 731)",727,731,"('R:A89', 'R:D93')",False,False,False,177656,0.6906,0.8906
gi,"('B', 'B')","(117, 146)",117,146,"('B:L117', 'B:L146')",False,False,False,162600,0.6321,0.8321
gi,"('B', 'A')","(59, 498)",59,498,"('B:Y59', 'A:C87')",True,True,False,157296,0.6115,0.8115
gi,"('R', 'R')","(724, 727)",724,727,"('R:H86', 'R:A89')",False,False,False,115494,0.449,0.649
gi,"('A', 'A')","(445, 499)",445,499,"('A:L34', 'A:F88')",False,False,False,106518,0.4141,0.6141
gi,"('B', 'B')","(146, 161)",146,161,"('B:L146', 'B:S161')",False,False,False,82952,0.3225,0.5225
gi,"('B', 'B')","(161, 187)",161,187,"('B:S161', 'B:V187')",False,False,False,82238,0.3197,0.5197
gi,"('B', 'B')","(187, 202)",187,202,"('B:V187', 'B:G202')",False,False,False,62326,0.2423,0.4423
gi,"('B', 'B')","(202, 208)",202,208,"('B:G202', 'B:A208')",False,False,False,61442,0.2388,0.4388
gi,"('B', 'B')","(146, 160)",146,160,"('B:L146', 'B:S160')",False,False,False,61046,0.2373,0.4373
gi,"('B', 'B')","(160, 190)",160,190,"('B:S160', 'B:L190')",False,False,False,59312,0.2306,0.4306
gi,"('R', 'R')","(720, 724)",720,724,"('R:A82', 'R:H86')",False,False,False,57834,0.2248,0.4248
gi,"('B', 'B')","(58, 59)",58,59,"('B:I58', 'B:Y59')",False,False,False,45830,0.1781,0.3781
gi,"('B', 'B')","(190, 232)",190,232,"('B:L190', 'B:I232')",False,False,False,42226,0.1641,0.3641
gi,"('A', 'A')","(502, 503)",502,503,"('A:V91', 'A:T92')",False,False,False,42130,0.1638,0.3638
gi,"('B', 'B')","(286, 318)",286,318,"('B:L286', 'B:L318')",False,False,False,41946,0.1631,0.3631
gi,"('R', 'R')","(723, 727)",723,727,"('R:M85', 'R:A89')",False,False,False,39792,0.1547,0.3547
gi,"('B', 'G')","(221, 362)",221,362,"('B:T221', 'G:E22')",True,True,False,38978,0.1515,0.3515
gi,"('B', 'B')","(317, 318)",317,318,"('B:C317', 'B:L318')",False,False,False,38816,0.1509,0.3509
gi,"('B', 'B')","(59, 317)",59,317,"('B:Y59', 'B:C317')",False,False,False,37984,0.1476,0.3476
gi,"('R', 'R')","(733, 735)",733,735,"('R:Y95', 'R:A97')",False,False,False,37568,0.146,0.346
gi,"('B', 'B')","(59, 73)",59,73,"('B:Y59', 'B:A73')",False,False,False,37416,0.1454,0.3454
gi,"('A', 'A')","(445, 446)",445,446,"('A:L34', 'A:L35')",False,False,False,36570,0.1422,0.3422
gi,"('A', 'A')","(622, 624)",622,624,"('A:A211', 'A:T213')",False,False,False,35862,0.1394,0.3394
gi,"('A', 'A')","(445, 506)",445,506,"('A:L34', 'A:I95')",False,False,False,35684,0.1387,0.3387
gi,"('R', 'R')","(733, 812)",733,812,"('R:Y95', 'R:T174')",True,False,False,35324,0.1373,0.3373
gi,"('A', 'A')","(628, 632)",628,632,"('A:I217', 'A:L221')",False,False,False,34478,0.134,0.334
gi,"('R', 'R')","(678, 724)",678,724,"('R:A40', 'R:H86')",True,False,False,34038,0.1323,0.3323
gi,"('R', 'R')","(718, 720)",718,720,"('R:S80', 'R:A82')",False,False,False,33508,0.1302,0.3302
gi,"('B', 'B')","(208, 221)",208,221,"('B:A208', 'B:T221')",False,False,False,33436,0.13,0.33
gi,"('G', 'G')","(359, 362)",359,362,"('G:L19', 'G:E22')",False,False,False,33274,0.1293,0.3293
gi,"('A', 'A')","(549, 622)",549,622,"('A:I138', 'A:A211')",True,False,False,32774,0.1274,0.3274
gi,"('A', 'A')","(503, 626)",503,626,"('A:T92', 'A:V215')",True,False,False,32614,0.1268,0.3268
gi,"('A', 'A')","(446, 508)",446,508,"('A:L35', 'A:C97')",False,False,False,31694,0.1232,0.3232
gi,"('B', 'B')","(58, 330)",58,330,"('B:I58', 'B:G330')",False,False,False,31192,0.1212,0.3212
gi,"('B', 'B')","(208, 222)",208,222,"('B:A208', 'B:F222')",False,False,False,31162,0.1211,0.3211
gi,"('B', 'B')","(18, 22)",18,22,"('B:I18', 'B:R22')",False,False,False,30980,0.1204,0.3204
gi,"('R', 'R')","(671, 731)",671,731,"('R:F33', 'R:D93')",True,False,False,29516,0.1147,0.3147
gi,"('B', 'B')","(222, 258)",222,258,"('B:F222', 'B:D258')",False,False,False,29384,0.1142,0.3142
gi,"('R', 'R')","(719, 723)",719,723,"('R:T81', 'R:M85')",False,False,False,28368,0.1103,0.3103
gi,"('R', 'R')","(715, 719)",715,719,"('R:V77', 'R:T81')",False,False,False,27842,0.1082,0.3082
gi,"('R', 'R')","(718, 877)",718,877,"('R:S80', 'R:Y239')",True,False,False,26962,0.1048,0.3048
gi,"('A', 'A')","(445, 447)",445,447,"('A:L34', 'A:L36')",False,False,False,26022,0.1011,0.3011
gi,"('A', 'A')","(626, 628)",626,628,"('A:V215', 'A:I217')",False,False,False,25838,0.1004,0.3004
gi,"('B', 'B')","(73, 80)",73,80,"('B:A73', 'B:I80')",False,False,False,25166,0.0978,0.2978
gi,"('A', 'A')","(511, 558)",511,558,"('A:L100', 'A:F147')",False,False,False,24414,0.0949,0.2949
gi,"('A', 'A')","(507, 530)",507,530,"('A:F96', 'A:S119')",False,False,False,23952,0.0931,0.2931
gi,"('A', 'A')","(549, 550)",549,550,"('A:I138', 'A:L139')",False,False,False,23300,0.0906,0.2906
gi,"('A', 'A')","(447, 507)",447,507,"('A:L36', 'A:F96')",False,False,False,23048,0.0896,0.2896
gi,"('G', 'G')","(355, 359)",355,359,"('G:L15', 'G:L19')",False,False,False,22496,0.0874,0.2874
gi,"('R', 'R')","(808, 812)",808,812,"('R:I170', 'R:T174')",False,False,False,22170,0.0862,0.2862
gi,"('R', 'R')","(711, 715)",711,715,"('R:I73', 'R:V77')",False,False,False,22124,0.086,0.286
gi,"('A', 'A')","(551, 619)",551,619,"('A:F140', 'A:V208')",False,False,False,21968,0.0854,0.2854
gi,"('B', 'A')","(89, 424)",89,424,"('B:K89', 'A:S13')",True,True,False,21914,0.0852,0.2852
gi,"('A', 'A')","(623, 627)",623,627,"('A:V212', 'A:I216')",False,False,False,21764,0.0846,0.2846
gi,"('A', 'A')","(632, 637)",632,637,"('A:L221', 'A:L226')",False,False,False,21604,0.084,0.284
gi,"('B', 'B')","(242, 252)",242,252,"('B:A242', 'B:L252')",False,False,False,21532,0.0837,0.2837
gi,"('B', 'B')","(22, 258)",22,258,"('B:R22', 'B:D258')",False,False,False,21358,0.083,0.283
gi,"('B', 'A')","(101, 498)",101,498,"('B:M101', 'A:C87')",True,True,False,21222,0.0825,0.2825
gi,"('A', 'A')","(551, 552)",551,552,"('A:F140', 'A:L141')",False,False,False,21196,0.0824,0.2824
gi,"('B', 'B')","(80, 89)",80,89,"('B:I80', 'B:K89')",False,False,False,21080,0.0819,0.2819
gi,"('B', 'B')","(252, 261)",252,261,"('B:L252', 'B:L261')",False,False,False,21046,0.0818,0.2818
gi,"('A', 'A')","(627, 631)",627,631,"('A:I216', 'A:N220')",False,False,False,20998,0.0816,0.2816
gi,"('G', 'G')","(352, 355)",352,355,"('G:A12', 'G:L15')",False,False,False,20926,0.0813,0.2813
gi,"('A', 'A')","(506, 551)",506,551,"('A:I95', 'A:F140')",False,False,False,20884,0.0812,0.2812
gi,"('B', 'B')","(232, 242)",232,242,"('B:I232', 'B:A242')",False,False,False,20564,0.0799,0.2799
gi,"('B', 'B')","(190, 191)",190,191,"('B:L190', 'B:S191')",False,False,False,20492,0.0797,0.2797
gi,"('R', 'R')","(678, 682)",678,682,"('R:A40', 'R:L44')",False,False,False,20354,0.0791,0.2791
gi,"('A', 'A')","(619, 624)",619,624,"('A:V208', 'A:T213')",True,False,False,20228,0.0786,0.2786
gi,"('B', 'B')","(146, 159)",146,159,"('B:L146', 'B:T159')",False,False,False,18972,0.0737,0.2737
gi,"('B', 'B')","(276, 318)",276,318,"('B:V276', 'B:L318')",False,False,False,18870,0.0733,0.2733
gi,"('B', 'B')","(22, 259)",22,259,"('B:R22', 'B:Q259')",False,False,False,18788,0.073,0.273
gi,"('R', 'R')","(805, 808)",805,808,"('R:P167', 'R:I170')",False,False,False,18556,0.0721,0.2721
gi,"('A', 'A')","(508, 509)",508,509,"('A:C97', 'A:V98')",False,False,False,18236,0.0709,0.2709
gi,"('B', 'B')","(328, 330)",328,330,"('B:A328', 'B:G330')",False,False,False,18206,0.0708,0.2708
gi,"('R', 'R')","(682, 687)",682,687,"('R:L44', 'R:M49')",False,False,False,17724,0.0689,0.2689
gi,"('A', 'A')","(631, 635)",631,635,"('A:N220', 'A:C224')",False,False,False,17286,0.0672,0.2672
gi,"('A', 'A')","(509, 511)",509,511,"('A:V98', 'A:L100')",False,False,False,17244,0.067,0.267
gi,"('R', 'R')","(674, 724)",674,724,"('R:S36', 'R:H86')",True,False,False,16964,0.0659,0.2659
gi,"('B', 'B')","(327, 328)",327,328,"('B:V327', 'B:A328')",False,False,False,16920,0.0658,0.2658
gi,"('B', 'B')","(242, 276)",242,276,"('B:A242', 'B:V276')",False,False,False,16768,0.0652,0.2652
gi,"('A', 'R')","(637, 831)",637,831,"('A:L226', 'R:V193')",True,True,False,16762,0.0652,0.2652
gi,"('R', 'R')","(873, 877)",873,877,"('R:V235', 'R:Y239')",False,False,False,16742,0.0651,0.2651
gi,"('B', 'B')","(101, 102)",101,102,"('B:M101', 'B:T102')",False,False,False,16472,0.064,0.264
gi,"('A', 'A')","(529, 530)",529,530,"('A:A118', 'A:S119')",False,False,False,16232,0.0631,0.2631
gi,"('B', 'B')","(59, 316)",59,316,"('B:Y59', 'B:S316')",False,False,False,16050,0.0624,0.2624
gi,"('A', 'A')","(420, 424)",420,424,"('A:A9', 'A:S13')",False,False,False,15714,0.0611,0.2611
gi,"('G', 'G')","(356, 359)",356,359,"('G:V16', 'G:L19')",False,False,False,15394,0.0598,0.2598
gi,"('B', 'B')","(285, 286)",285,286,"('B:L285', 'B:L286')",False,False,False,15324,0.0596,0.2596
gi,"('B', 'B')","(284, 286)",284,286,"('B:L284', 'B:L286')",False,False,False,15192,0.059,0.259
gi,"('B', 'B')","(187, 203)",187,203,"('B:V187', 'B:A203')",False,False,False,15130,0.0588,0.2588
gi,"('R', 'R')","(722, 727)",722,727,"('R:I84', 'R:A89')",False,False,False,15086,0.0586,0.2586
gi,"('B', 'B')","(326, 327)",326,327,"('B:A326', 'B:V327')",False,False,False,15080,0.0586,0.2586
gi,"('B', 'G')","(49, 403)",49,403,"('B:R49', 'G:E63')",True,True,False,14848,0.0577,0.2577
gi,"('R', 'R')","(716, 720)",716,720,"('R:L78', 'R:A82')",False,False,False,14806,0.0575,0.2575
gi,"('R', 'R')","(669, 671)",669,671,"('R:N31', 'R:F33')",False,False,False,14626,0.0568,0.2568
gi,"('R', 'R')","(674, 676)",674,676,"('R:S36', 'R:A38')",False,False,False,14532,0.0565,0.2565
gi,"('A', 'A')","(550, 591)",550,591,"('A:L139', 'A:F180')",False,False,False,14454,0.0562,0.2562
gi,"('B', 'B')","(14, 18)",14,18,"('B:L14', 'B:I18')",False,False,False,14220,0.0553,0.2553
gi,"('B', 'B')","(191, 234)",191,234,"('B:S191', 'B:F234')",False,False,False,14084,0.0547,0.2547
gi,"('B', 'B')","(318, 319)",318,319,"('B:L318', 'B:G319')",False,False,False,14052,0.0546,0.2546
gi,"('A', 'R')","(635, 732)",635,732,"('A:C224', 'R:R94')",True,True,False,13950,0.0542,0.2542
gi,"('B', 'B')","(59, 60)",59,60,"('B:Y59', 'B:A60')",False,False,False,13910,0.0541,0.2541
gi,"('R', 'R')","(722, 847)",722,847,"('R:I84', 'R:F209')",True,False,False,13676,0.0532,0.2532
gi,"('B', 'B')","(63, 319)",63,319,"('B:W63', 'B:G319')",False,False,False,13548,0.0527,0.2527
gi,"('B', 'B')","(158, 190)",158,190,"('B:V158', 'B:L190')",False,False,False,13336,0.0518,0.2518
gi,"('R', 'R')","(723, 762)",723,762,"('R:M85', 'R:S124')",True,False,False,12614,0.049,0.249
gi,"('B', 'B')","(58, 336)",58,336,"('B:I58', 'B:L336')",False,False,False,12524,0.0487,0.2487
gi,"('G', 'G')","(403, 405)",403,405,"('G:E63', 'G:K65')",False,False,False,12488,0.0485,0.2485
gi,"('R', 'R')","(869, 873)",869,873,"('R:L231', 'R:V235')",False,False,False,12334,0.0479,0.2479
gi,"('R', 'R')","(687, 690)",687,690,"('R:M49', 'R:S52')",False,False,False,12284,0.0477,0.2477
gi,"('B', 'B')","(112, 113)",112,113,"('B:V112', 'B:A113')",False,False,False,11930,0.0464,0.2464
gi,"('B', 'B')","(59, 332)",59,332,"('B:Y59', 'B:W332')",False,False,False,11800,0.0459,0.2459
gi,"('R', 'R')","(651, 676)",651,676,"('R:N13', 'R:A38')",True,False,False,11748,0.0457,0.2457
gi,"('B', 'B')","(116, 117)",116,117,"('B:G116', 'B:L117')",False,False,False,11722,0.0456,0.2456
gi,"('B', 'B')","(63, 70)",63,70,"('B:W63', 'B:L70')",False,False,False,11660,0.0453,0.2453
gi,"('A', 'A')","(508, 510)",508,510,"('A:C97', 'A:A99')",False,False,False,11514,0.0448,0.2448
gi,"('B', 'B')","(253, 259)",253,259,"('B:F253', 'B:Q259')",False,False,False,11288,0.0439,0.2439
gi,"('B', 'B')","(314, 332)",314,332,"('B:R314', 'B:W332')",False,False,False,10904,0.0424,0.2424
gi,"('B', 'B')","(115, 116)",115,116,"('B:G115', 'B:G116')",False,False,False,10656,0.0414,0.2414
gi,"('R', 'R')","(678, 679)",678,679,"('R:A40', 'R:D41')",False,False,False,10648,0.0414,0.2414
gi,"('B', 'B')","(329, 330)",329,330,"('B:T329', 'B:G330')",False,False,False,10602,0.0412,0.2412
gi,"('B', 'B')","(50, 336)",50,336,"('B:T50', 'B:L336')",False,False,False,10578,0.0411,0.2411
gi,"('A', 'A')","(558, 567)",558,567,"('A:F147', 'A:L156')",False,False,False,10524,0.0409,0.2409
gi,"('B', 'B')","(101, 147)",101,147,"('B:M101', 'B:S147')",False,False,False,10500,0.0408,0.2408
gi,"('B', 'B')","(157, 158)",157,158,"('B:I157', 'B:V158')",False,False,False,10416,0.0405,0.2405
gi,"('A', 'A')","(511, 552)",511,552,"('A:L100', 'A:L141')",False,False,False,10374,0.0403,0.2403
gi,"('R', 'R')","(671, 673)",671,673,"('R:F33', 'R:M35')",False,False,False,10288,0.04,0.24
gi,"('A', 'A')","(558, 562)",558,562,"('A:F147', 'A:I151')",False,False,False,10182,0.0396,0.2396
gi,"('B', 'B')","(70, 82)",70,82,"('B:L70', 'B:W82')",False,False,False,10168,0.0395,0.2395
gi,"('B', 'B')","(234, 235)",234,235,"('B:F234', 'B:F235')",False,False,False,10014,0.0389,0.2389
gi,"('A', 'A')","(444, 623)",444,623,"('A:L33', 'A:V212')",True,False,False,9990,0.0388,0.2388
gi,"('B', 'B')","(72, 73)",72,73,"('B:S72', 'B:A73')",False,False,False,9942,0.0386,0.2386
gi,"('B', 'B')","(49, 50)",49,50,"('B:R49', 'B:T50')",False,False,False,9740,0.0379,0.2379
gi,"('B', 'B')","(117, 119)",117,119,"('B:L117', 'B:N119')",False,False,False,9708,0.0377,0.2377
gi,"('B', 'B')","(279, 286)",279,286,"('B:S279', 'B:L286')",False,False,False,9698,0.0377,0.2377
gi,"('B', 'B')","(82, 89)",82,89,"('B:W82', 'B:K89')",False,False,False,9654,0.0375,0.2375
gi,"('B', 'B')","(242, 253)",242,253,"('B:A242', 'B:F253')",False,False,False,9608,0.0373,0.2373
gi,"('R', 'R')","(647, 679)",647,679,"('R:T9', 'R:D41')",True,False,False,9558,0.0371,0.2371
gi,"('R', 'R')","(731, 754)",731,754,"('R:D93', 'R:K116')",True,False,False,9350,0.0363,0.2363
gi,"('R', 'R')","(801, 805)",801,805,"('R:S163', 'R:P167')",False,False,False,9300,0.0361,0.2361
gi,"('B', 'B')","(157, 159)",157,159,"('B:I157', 'B:T159')",False,False,False,9224,0.0358,0.2358
gi,"('A', 'R')","(632, 828)",632,828,"('A:L221', 'R:A190')",True,True,False,9188,0.0357,0.2357
gi,"('R', 'R')","(831, 834)",831,834,"('R:V193', 'R:I196')",False,False,False,9172,0.0356,0.2356
gi,"('B', 'B')","(115, 122)",115,122,"('B:G115', 'B:S122')",False,False,False,9078,0.0353,0.2353
gi,"('A', 'A')","(507, 549)",507,549,"('A:F96', 'A:I138')",False,False,False,9038,0.0351,0.2351
gi,"('A', 'A')","(510, 512)",510,512,"('A:A99', 'A:S101')",False,False,False,9024,0.0351,0.2351
gi,"('B', 'B')","(102, 103)",102,103,"('B:T102', 'B:C103')",False,False,False,8990,0.0349,0.2349
gi,"('A', 'A')","(442, 503)",442,503,"('A:V31', 'A:T92')",False,False,False,8980,0.0349,0.2349
gi,"('B', 'B')","(315, 316)",315,316,"('B:V315', 'B:S316')",False,False,False,8952,0.0348,0.2348
gi,"('G', 'G')","(405, 407)",405,407,"('G:K65', 'G:F67')",False,False,False,8950,0.0348,0.2348
gi,"('B', 'B')","(325, 326)",325,326,"('B:M325', 'B:A326')",False,False,False,8912,0.0346,0.2346
gi,"('G', 'G')","(349, 352)",349,352,"('G:I9', 'G:A12')",False,False,False,8780,0.0341,0.2341
gi,"('R', 'R')","(797, 801)",797,801,"('R:G159', 'R:S163')",False,False,False,8732,0.0339,0.2339
gi,"('B', 'B')","(148, 190)",148,190,"('B:C148', 'B:L190')",False,False,False,8658,0.0336,0.2336
gi,"('R', 'R')","(690, 693)",690,693,"('R:S52', 'R:T55')",False,False,False,8658,0.0336,0.2336
gi,"('B', 'G')","(7, 356)",7,356,"('B:L7', 'G:V16')",True,True,False,8554,0.0332,0.2332
gi,"('A', 'A')","(587, 591)",587,591,"('A:I176', 'A:F180')",False,False,False,8554,0.0332,0.2332
gi,"('R', 'R')","(874, 877)",874,877,"('R:W236', 'R:Y239')",False,False,False,8552,0.0332,0.2332
gi,"('B', 'B')","(102, 113)",102,113,"('B:T102', 'B:A113')",False,False,False,8476,0.0329,0.2329
gi,"('R', 'R')","(713, 716)",713,716,"('R:L75', 'R:L78')",False,False,False,8460,0.0329,0.2329
gi,"('R', 'R')","(711, 786)",711,786,"('R:I73', 'R:C148')",True,False,False,8452,0.0328,0.2328
gi,"('A', 'A')","(552, 587)",552,587,"('A:L141', 'A:I176')",False,False,False,8258,0.0321,0.2321
gi,"('B', 'B')","(11, 14)",11,14,"('B:A11', 'B:L14')",False,False,False,8202,0.0319,0.2319
gi,"('R', 'R')","(717, 720)",717,720,"('R:F79', 'R:A82')",False,False,False,8184,0.0318,0.2318
gi,"('B', 'G')","(18, 359)",18,359,"('B:I18', 'G:L19')",True,True,False,7904,0.0307,0.2307
gi,"('R', 'R')","(721, 724)",721,724,"('R:S83', 'R:H86')",False,False,False,7840,0.0305,0.2305
gi,"('A', 'A')","(506, 549)",506,549,"('A:I95', 'A:I138')",False,False,False,7840,0.0305,0.2305
gi,"('R', 'R')","(807, 812)",807,812,"('R:T169', 'R:T174')",False,False,False,7780,0.0302,0.2302
gi,"('B', 'B')","(283, 284)",283,284,"('B:R283', 'B:L284')",False,False,False,7740,0.0301,0.2301
gi,"('A', 'A')","(510, 513)",510,513,"('A:A99', 'A:D102')",False,False,False,7728,0.03,0.23
gi,"('A', 'A')","(548, 549)",548,549,"('A:I137', 'A:I138')",False,False,False,7660,0.0298,0.2298
gi,"('B', 'B')","(60, 61)",60,61,"('B:A60', 'B:M61')",False,False,False,7548,0.0293,0.2293
gi,"('B', 'B')","(59, 101)",59,101,"('B:Y59', 'B:M101')",False,False,False,7546,0.0293,0.2293
gi,"('A', 'A')","(444, 483)",444,483,"('A:L33', 'A:F72')",False,False,False,7520,0.0292,0.2292
gi,"('B', 'B')","(103, 104)",103,104,"('B:C103', 'B:A104')",False,False,False,7514,0.0292,0.2292
gi,"('R', 'R')","(728, 732)",728,732,"('R:I90', 'R:R94')",False,False,False,7490,0.0291,0.2291
gi,"('R', 'R')","(658, 673)",658,673,"('R:V20', 'R:M35')",True,False,False,7474,0.029,0.229
gi,"('R', 'R')","(709, 713)",709,713,"('R:V71', 'R:L75')",False,False,False,7448,0.0289,0.2289
gi,"('B', 'B')","(190, 199)",190,199,"('B:L190', 'B:F199')",False,False,False,7304,0.0284,0.2284
gi,"('B', 'B')","(201, 209)",201,209,"('B:S201', 'B:K209')",False,False,False,7172,0.0279,0.2279
gi,"('G', 'G')","(345, 349)",345,349,"('G:N5', 'G:I9')",False,False,False,7158,0.0278,0.2278
gi,"('A', 'A')","(419, 420)",419,420,"('A:A8', 'A:A9')",False,False,False,7124,0.0277,0.2277
gi,"('B', 'B')","(190, 201)",190,201,"('B:L190', 'B:S201')",False,False,False,7134,0.0277,0.2277
gi,"('B', 'B')","(274, 316)",274,316,"('B:T274', 'B:S316')",False,False,False,7100,0.0276,0.2276
gi,"('A', 'A')","(417, 420)",417,420,"('A:D6', 'A:A9')",False,False,False,7096,0.0276,0.2276
gi,"('R', 'R')","(669, 894)",669,894,"('R:N31', 'R:Y256')",True,False,False,7066,0.0275,0.2275
gi,"('G', 'G')","(350, 352)",350,352,"('G:A10', 'G:A12')",False,False,False,7056,0.0274,0.2274
gi,"('R', 'R')","(865, 869)",865,869,"('R:I227', 'R:L231')",True,False,False,7022,0.0273,0.2273
gi,"('B', 'B')","(288, 315)",288,315,"('B:G288', 'B:V315')",False,False,False,6974,0.0271,0.2271
gi,"('B', 'A')","(80, 431)",80,431,"('B:I80', 'A:L20')",True,True,False,6952,0.027,0.227
gi,"('B', 'B')","(63, 321)",63,321,"('B:W63', 'B:T321')",False,False,False,6944,0.027,0.227
gi,"('A', 'A')","(509, 550)",509,550,"('A:V98', 'A:L139')",False,False,False,6902,0.0268,0.2268
gi,"('B', 'B')","(30, 261)",30,261,"('B:L30', 'B:L261')",False,False,False,6890,0.0268,0.2268
gi,"('B', 'G')","(261, 370)",261,370,"('B:L261', 'G:V30')",True,True,False,6858,0.0267,0.2267
gi,"('R', 'R')","(711, 780)",711,780,"('R:I73', 'R:V142')",True,False,False,6826,0.0265,0.2265
gi,"('B', 'B')","(232, 243)",232,243,"('B:I232', 'B:T243')",False,False,False,6708,0.0261,0.2261
gi,"('B', 'B')","(329, 339)",329,339,"('B:T329', 'B:W339')",False,False,False,6706,0.0261,0.2261
gi,"('B', 'B')","(232, 241)",232,241,"('B:I232', 'B:F241')",False,False,False,6680,0.026,0.226
gi,"('B', 'B')","(112, 126)",112,126,"('B:V112', 'B:L126')",False,False,False,6690,0.026,0.226
gi,"('R', 'R')","(721, 880)",721,880,"('R:S83', 'R:S242')",True,False,False,6658,0.0259,0.2259
gi,"('R', 'R')","(727, 758)",727,758,"('R:A89', 'R:V120')",True,False,False,6648,0.0258,0.2258
gi,"('A', 'A')","(500, 502)",500,502,"('A:E89', 'A:V91')",False,False,False,6610,0.0257,0.2257
gi,"('A', 'A')","(518, 529)",518,529,"('A:L107', 'A:A118')",False,False,False,6608,0.0257,0.2257
gi,"('R', 'R')","(803, 807)",803,807,"('R:F165', 'R:T169')",False,False,False,6570,0.0255,0.2255
gi,"('A', 'A')","(583, 587)",583,587,"('A:A172', 'A:I176')",False,False,False,6534,0.0254,0.2254
gi,"('B', 'B')","(285, 299)",285,299,"('B:L285', 'B:A299')",False,False,False,6532,0.0254,0.2254
gi,"('A', 'A')","(509, 510)",509,510,"('A:V98', 'A:A99')",False,False,False,6500,0.0253,0.2253
gi,"('B', 'A')","(57, 500)",57,500,"('B:K57', 'A:E89')",True,True,False,6480,0.0252,0.2252
gi,"('B', 'B')","(287, 288)",287,288,"('B:A287', 'B:G288')",False,False,False,6442,0.025,0.225
gi,"('R', 'R')","(762, 766)",762,766,"('R:S124', 'R:S128')",False,False,False,6356,0.0247,0.2247
gi,"('R', 'R')","(847, 848)",847,848,"('R:F209', 'R:I210')",False,False,False,6350,0.0247,0.2247
gi,"('B', 'B')","(102, 148)",102,148,"('B:T102', 'B:C148')",False,False,False,6306,0.0245,0.2245
gi,"('B', 'A')","(89, 427)",89,427,"('B:K89', 'A:I16')",True,True,False,6296,0.0245,0.2245
gi,"('R', 'R')","(736, 739)",736,739,"('R:I98', 'R:P101')",True,False,False,6244,0.0243,0.2243
gi,"('A', 'A')","(507, 534)",507,534,"('A:F96', 'A:F123')",False,False,False,6252,0.0243,0.2243
gi,"('R', 'R')","(834, 886)",834,886,"('R:I196', 'R:V248')",True,False,False,6248,0.0243,0.2243
gi,"('R', 'R')","(871, 874)",871,874,"('R:V233', 'R:W236')",False,False,False,6222,0.0242,0.2242
gi,"('B', 'B')","(328, 338)",328,338,"('B:A328', 'B:I338')",False,False,False,6152,0.0239,0.2239
gi,"('B', 'B')","(318, 330)",318,330,"('B:L318', 'B:G330')",False,False,False,6138,0.0239,0.2239
gi,"('A', 'A')","(502, 546)",502,546,"('A:V91', 'A:T135')",False,False,False,6104,0.0237,0.2237
gi,"('R', 'R')","(712, 716)",712,716,"('R:Y74', 'R:L78')",False,False,False,6082,0.0236,0.2236
gi,"('B', 'B')","(285, 298)",285,298,"('B:L285', 'B:D298')",False,False,False,6052,0.0235,0.2235
gi,"('R', 'R')","(714, 718)",714,718,"('R:D76', 'R:S80')",False,False,False,5912,0.023,0.223
gi,"('R', 'R')","(706, 709)",706,709,"('R:L68', 'R:V71')",True,False,False,5874,0.0228,0.2228
gi,"('A', 'A')","(551, 553)",551,553,"('A:F140', 'A:N142')",False,False,False,5756,0.0224,0.2224
gi,"('B', 'B')","(187, 201)",187,201,"('B:V187', 'B:S201')",False,False,False,5670,0.022,0.222
gi,"('B', 'B')","(209, 221)",209,221,"('B:K209', 'B:T221')",False,False,False,5626,0.0219,0.2219
gi,"('A', 'A')","(506, 619)",506,619,"('A:I95', 'A:V208')",False,False,False,5604,0.0218,0.2218
gi,"('B', 'B')","(235, 282)",235,282,"('B:F235', 'B:G282')",False,False,False,5604,0.0218,0.2218
gi,"('B', 'B')","(203, 206)",203,206,"('B:A203', 'B:A206')",False,False,False,5606,0.0218,0.2218
gi,"('G', 'G')","(388, 389)",388,389,"('G:D48', 'G:P49')",False,False,False,5590,0.0217,0.2217
gi,"('B', 'B')","(58, 331)",58,331,"('B:I58', 'B:S331')",False,False,False,5586,0.0217,0.2217
gi,"('B', 'B')","(269, 289)",269,289,"('B:I269', 'B:Y289')",False,False,False,5560,0.0216,0.2216
gi,"('R', 'R')","(802, 805)",802,805,"('R:F164', 'R:P167')",False,False,False,5550,0.0216,0.2216
gi,"('B', 'B')","(147, 187)",147,187,"('B:S147', 'B:V187')",False,False,False,5526,0.0215,0.2215
gi,"('B', 'A')","(117, 468)",117,468,"('B:L117', 'A:I57')",True,True,False,5516,0.0214,0.2214
gi,"('R', 'R')","(803, 851)",803,851,"('R:F165', 'R:I213')",True,False,False,5494,0.0213,0.2213
gi,"('B', 'B')","(60, 71)",60,71,"('B:A60', 'B:V71')",False,False,False,5492,0.0213,0.2213
gi,"('R', 'R')","(686, 717)",686,717,"('R:V48', 'R:F79')",True,False,False,5490,0.0213,0.2213
gi,"('B', 'B')","(113, 157)",113,157,"('B:A113', 'B:I157')",False,False,False,5464,0.0212,0.2212
gi,"('R', 'R')","(715, 769)",715,769,"('R:V77', 'R:I131')",True,False,False,5460,0.0212,0.2212
gi,"('B', 'A')","(99, 483)",99,483,"('B:W99', 'A:F72')",True,True,False,5436,0.0211,0.2211
gi,"('B', 'B')","(203, 229)",203,229,"('B:A203', 'B:I229')",False,False,False,5416,0.021,0.221
gi,"('B', 'B')","(72, 80)",72,80,"('B:S72', 'B:I80')",False,False,False,5396,0.021,0.221
gi,"('G', 'G')","(407, 409)",407,409,"('G:F67', 'G:A69')",False,False,False,5382,0.0209,0.2209
gi,"('R', 'R')","(736, 816)",736,816,"('R:I98', 'R:T178')",True,False,False,5322,0.0207,0.2207
gi,"('R', 'R')","(866, 869)",866,869,"('R:G228', 'R:L231')",False,False,False,5296,0.0206,0.2206
gi,"('G', 'G')","(394, 395)",394,395,"('G:V54', 'G:P55')",False,False,False,5314,0.0206,0.2206
gi,"('G', 'G')","(347, 350)",347,350,"('G:A7', 'G:A10')",False,False,False,5310,0.0206,0.2206
gi,"('B', 'B')","(72, 82)",72,82,"('B:S72', 'B:W82')",False,False,False,5268,0.0205,0.2205
gi,"('B', 'B')","(286, 296)",286,296,"('B:L286', 'B:V296')",False,False,False,5276,0.0205,0.2205
gi,"('R', 'R')","(785, 786)",785,786,"('R:S147', 'R:C148')",False,False,False,5254,0.0204,0.2204
gi,"('B', 'B')","(243, 250)",243,250,"('B:T243', 'B:C250')",False,False,False,5246,0.0204,0.2204
gi,"('R', 'R')","(739, 740)",739,740,"('R:P101', 'R:I102')",False,False,False,5218,0.0203,0.2203
gi,"('A', 'A')","(442, 478)",442,478,"('A:V31', 'A:L67')",False,False,False,5208,0.0202,0.2202
gi,"('B', 'B')","(49, 338)",49,338,"('B:R49', 'B:I338')",False,False,False,5190,0.0202,0.2202
gi,"('A', 'A')","(635, 636)",635,636,"('A:C224', 'A:G225')",False,False,False,5158,0.02,0.22
gi,"('A', 'A')","(444, 480)",444,480,"('A:L33', 'A:F69')",False,False,False,5128,0.0199,0.2199
gi,"('A', 'A')","(524, 529)",524,529,"('A:M113', 'A:A118')",False,False,False,5086,0.0198,0.2198
gi,"('B', 'B')","(318, 328)",318,328,"('B:L318', 'B:A328')",False,False,False,5086,0.0198,0.2198
gi,"('B', 'G')","(281, 388)",281,388,"('B:S281', 'G:D48')",True,True,False,5050,0.0196,0.2196
gi,"('A', 'A')","(623, 628)",623,628,"('A:V212', 'A:I217')",False,False,False,5032,0.0196,0.2196
gi,"('A', 'A')","(444, 445)",444,445,"('A:L33', 'A:L34')",False,False,False,4974,0.0193,0.2193
gi,"('A', 'A')","(619, 623)",619,623,"('A:V208', 'A:V212')",True,False,False,4944,0.0192,0.2192
gi,"('B', 'B')","(126, 128)",126,128,"('B:L126', 'B:T128')",False,False,False,4914,0.0191,0.2191
gi,"('A', 'A')","(626, 629)",626,629,"('A:V215', 'A:K218')",False,False,False,4902,0.019,0.219
gi,"('R', 'R')","(848, 852)",848,852,"('R:I210', 'R:M214')",False,False,False,4884,0.019,0.219
gi,"('B', 'G')","(325, 394)",325,394,"('B:M325', 'G:V54')",True,True,False,4864,0.0189,0.2189
gi,"('R', 'R')","(894, 897)",894,897,"('R:Y256', 'R:A259')",False,False,False,4832,0.0188,0.2188
gi,"('A', 'A')","(445, 505)",445,505,"('A:L34', 'A:I94')",False,False,False,4814,0.0187,0.2187
gi,"('R', 'R')","(766, 768)",766,768,"('R:S128', 'R:P130')",False,False,False,4802,0.0187,0.2187
gi,"('A', 'A')","(468, 483)",468,483,"('A:I57', 'A:F72')",False,False,False,4756,0.0185,0.2185
gi,"('B', 'B')","(277, 318)",277,318,"('B:S277', 'B:L318')",False,False,False,4740,0.0184,0.2184
gi,"('A', 'A')","(551, 608)",551,608,"('A:F140', 'A:T197')",False,False,False,4704,0.0183,0.2183
gi,"('B', 'B')","(289, 314)",289,314,"('B:Y289', 'B:R314')",False,False,False,4696,0.0182,0.2182
gi,"('B', 'G')","(279, 388)",279,388,"('B:S279', 'G:D48')",True,True,False,4696,0.0182,0.2182
gi,"('B', 'B')","(287, 297)",287,297,"('B:A287', 'B:W297')",False,False,False,4694,0.0182,0.2182
gi,"('B', 'G')","(283, 381)",283,381,"('B:R283', 'G:C41')",True,True,False,4646,0.0181,0.2181
gi,"('R', 'R')","(712, 770)",712,770,"('R:Y74', 'R:P132')",True,False,False,4658,0.0181,0.2181
gi,"('R', 'R')","(686, 689)",686,689,"('R:V48', 'R:V51')",False,False,False,4642,0.018,0.218
gi,"('B', 'B')","(61, 63)",61,63,"('B:M61', 'B:W63')",False,False,False,4610,0.0179,0.2179
gi,"('B', 'B')","(21, 22)",21,22,"('B:A21', 'B:R22')",False,False,False,4568,0.0177,0.2177
gi,"('A', 'A')","(446, 458)",446,458,"('A:L35', 'A:V47')",False,False,False,4514,0.0175,0.2175
gi,"('B', 'B')","(98, 99)",98,99,"('B:S98', 'B:W99')",False,False,False,4494,0.0175,0.2175
gi,"('R', 'R')","(643, 647)",643,647,"('R:V5', 'R:T9')",False,False,False,4466,0.0174,0.2174
gi,"('A', 'A')","(546, 601)",546,601,"('A:T135', 'A:K190')",False,False,False,4454,0.0173,0.2173
gi,"('B', 'B')","(232, 276)",232,276,"('B:I232', 'B:V276')",False,False,False,4454,0.0173,0.2173
gi,"('B', 'B')","(257, 258)",257,258,"('B:A257', 'B:D258')",False,False,False,4450,0.0173,0.2173
gi,"('B', 'B')","(241, 242)",241,242,"('B:F241', 'B:A242')",False,False,False,4432,0.0172,0.2172
gi,"('R', 'R')","(650, 651)",650,651,"('R:G12', 'R:N13')",False,False,False,4424,0.0172,0.2172
gi,"('A', 'A')","(567, 574)",567,574,"('A:L156', 'A:Y163')",False,False,False,4414,0.0172,0.2172
gi,"('R', 'R')","(729, 732)",729,732,"('R:S91', 'R:R94')",False,False,False,4392,0.0171,0.2171
gi,"('A', 'A')","(512, 557)",512,557,"('A:S101', 'A:L146')",False,False,False,4328,0.0168,0.2168
gi,"('A', 'R')","(478, 740)",478,740,"('A:L67', 'R:I102')",True,True,False,4278,0.0166,0.2166
gi,"('B', 'B')","(122, 124)",122,124,"('B:S122', 'B:Y124')",False,False,False,4256,0.0165,0.2165
gi,"('A', 'A')","(624, 628)",624,628,"('A:T213', 'A:I217')",False,False,False,4244,0.0165,0.2165
gi,"('A', 'A')","(586, 587)",586,587,"('A:Y175', 'A:I176')",False,False,False,4238,0.0165,0.2165
gi,"('B', 'B')","(279, 281)",279,281,"('B:S279', 'B:S281')",False,False,False,4228,0.0164,0.2164
gi,"('A', 'A')","(534, 594)",534,594,"('A:F123', 'A:L183')",False,False,False,4196,0.0163,0.2163
gi,"('A', 'A')","(446, 454)",446,454,"('A:L35', 'A:K43')",False,False,False,4194,0.0163,0.2163
gi,"('R', 'R')","(711, 714)",711,714,"('R:I73', 'R:D76')",False,False,False,4184,0.0163,0.2163
gi,"('B', 'B')","(231, 232)",231,232,"('B:A231', 'B:I232')",False,False,False,4178,0.0162,0.2162
gi,"('B', 'B')","(273, 274)",273,274,"('B:I273', 'B:T274')",False,False,False,4174,0.0162,0.2162
gi,"('A', 'A')","(620, 624)",620,624,"('A:F209', 'A:T213')",False,False,False,4162,0.0162,0.2162
gi,"('B', 'B')","(160, 166)",160,166,"('B:S160', 'B:C166')",False,False,False,4156,0.0161,0.2161
gi,"('R', 'R')","(751, 754)",751,754,"('R:A113', 'R:K116')",False,False,False,4146,0.0161,0.2161
gi,"('R', 'R')","(831, 836)",831,836,"('R:V193', 'R:F198')",False,False,False,4108,0.016,0.216
gi,"('A', 'A')","(499, 543)",499,543,"('A:F88', 'A:F132')",False,False,False,4116,0.016,0.216
gi,"('B', 'B')","(299, 300)",299,300,"('B:A299', 'B:L300')",False,False,False,4082,0.0159,0.2159
gi,"('A', 'A')","(445, 485)",445,485,"('A:L34', 'A:V74')",False,False,False,3978,0.0155,0.2155
gi,"('B', 'B')","(281, 282)",281,282,"('B:S281', 'B:G282')",False,False,False,3958,0.0154,0.2154
gi,"('R', 'R')","(794, 797)",794,797,"('R:V156', 'R:G159')",True,False,False,3952,0.0154,0.2154
gi,"('B', 'B')","(80, 81)",80,81,"('B:I80', 'B:I81')",False,False,False,3940,0.0153,0.2153
gi,"('A', 'A')","(626, 630)",626,630,"('A:V215', 'A:N219')",False,False,False,3936,0.0153,0.2153
gi,"('A', 'R')","(636, 891)",636,891,"('A:G225', 'R:N253')",True,True,False,3922,0.0152,0.2152
gi,"('A', 'A')","(445, 504)",445,504,"('A:L34', 'A:A93')",False,False,False,3910,0.0152,0.2152
gi,"('B', 'B')","(104, 106)",104,106,"('B:A104', 'B:A106')",False,False,False,3910,0.0152,0.2152
gi,"('A', 'A')","(452, 508)",452,508,"('A:S41', 'A:C97')",False,False,False,3884,0.0151,0.2151
gi,"('R', 'R')","(737, 739)",737,739,"('R:Q99', 'R:P101')",True,False,False,3860,0.015,0.215
gi,"('A', 'A')","(504, 505)",504,505,"('A:A93', 'A:I94')",False,False,False,3854,0.015,0.215
gi,"('B', 'B')","(264, 285)",264,285,"('B:Y264', 'B:L285')",False,False,False,3830,0.0149,0.2149
gi,"('B', 'B')","(277, 278)",277,278,"('B:S277', 'B:F278')",False,False,False,3846,0.0149,0.2149
gi,"('A', 'R')","(637, 890)",637,890,"('A:L226', 'R:F252')",True,True,False,3790,0.0147,0.2147
gi,"('B', 'G')","(261, 373)",261,373,"('B:L261', 'G:A33')",True,True,False,3776,0.0147,0.2147
gi,"('A', 'R')","(478, 744)",478,744,"('A:L67', 'R:R106')",True,True,False,3776,0.0147,0.2147
gi,"('A', 'A')","(551, 615)",551,615,"('A:F140', 'A:N204')",False,False,False,3746,0.0146,0.2146
gi,"('R', 'R')","(744, 745)",744,745,"('R:R106', 'R:F107')",False,False,False,3688,0.0143,0.2143
gi,"('A', 'R')","(629, 824)",629,824,"('A:K218', 'R:N186')",True,True,False,3660,0.0142,0.2142
gi,"('B', 'B')","(159, 167)",159,167,"('B:T159', 'B:A167')",False,False,False,3642,0.0141,0.2141
gi,"('B', 'B')","(250, 264)",250,264,"('B:C250', 'B:Y264')",False,False,False,3622,0.0141,0.2141
gi,"('A', 'A')","(534, 548)",534,548,"('A:F123', 'A:I137')",False,False,False,3622,0.0141,0.2141
gi,"('G', 'G')","(409, 410)",409,410,"('G:A69', 'G:I70')",False,False,False,3596,0.014,0.214
gi,"('B', 'B')","(61, 318)",61,318,"('B:M61', 'B:L318')",False,False,False,3592,0.014,0.214
gi,"('A', 'A')","(413, 417)",413,417,"('A:L2', 'A:D6')",False,False,False,3580,0.0139,0.2139
gi,"('R', 'R')","(861, 865)",861,865,"('R:N223', 'R:I227')",False,False,False,3578,0.0139,0.2139
gi,"('R', 'R')","(823, 824)",823,824,"('R:S185', 'R:N186')",False,False,False,3568,0.0139,0.2139
gi,"('B', 'B')","(134, 135)",134,135,"('B:R134', 'B:V135')",False,False,False,3582,0.0139,0.2139
gi,"('G', 'G')","(342, 345)",342,345,"('G:A2', 'G:N5')",False,False,False,3588,0.0139,0.2139
gi,"('A', 'A')","(518, 520)",518,520,"('A:L107', 'A:E109')",False,False,False,3586,0.0139,0.2139
gi,"('B', 'A')","(332, 542)",332,542,"('B:W332', 'A:W131')",True,True,False,3564,0.0138,0.2138
gi,"('B', 'B')","(330, 331)",330,331,"('B:G330', 'B:S331')",False,False,False,3560,0.0138,0.2138
gi,"('B', 'B')","(73, 79)",73,79,"('B:A73', 'B:L79')",False,False,False,3552,0.0138,0.2138
gi,"('R', 'R')","(707, 711)",707,711,"('R:C69', 'R:I73')",True,False,False,3538,0.0137,0.2137
gi,"('B', 'B')","(3, 7)",3,7,"('B:E3', 'B:L7')",False,False,False,3534,0.0137,0.2137
gi,"('B', 'B')","(144, 161)",144,161,"('B:G144', 'B:S161')",False,False,False,3532,0.0137,0.2137
gi,"('B', 'B')","(191, 193)",191,193,"('B:S191', 'B:A193')",False,False,False,3518,0.0137,0.2137
gi,"('B', 'B')","(229, 245)",229,245,"('B:I229', 'B:S245')",False,False,False,3528,0.0137,0.2137
gi,"('B', 'B')","(4, 7)",4,7,"('B:L4', 'B:L7')",False,False,False,3506,0.0136,0.2136
gi,"('A', 'A')","(584, 587)",584,587,"('A:A173', 'A:I176')",False,False,False,3504,0.0136,0.2136
gi,"('R', 'R')","(710, 714)",710,714,"('R:W72', 'R:D76')",False,False,False,3502,0.0136,0.2136
gi,"('R', 'R')","(664, 669)",664,669,"('R:L26', 'R:N31')",True,False,False,3478,0.0135,0.2135
gi,"('B', 'B')","(241, 255)",241,255,"('B:F241', 'B:L255')",False,False,False,3470,0.0135,0.2135
gi,"('R', 'R')","(769, 773)",769,773,"('R:I131', 'R:G135')",False,False,False,3466,0.0135,0.2135
gi,"('B', 'B')","(258, 259)",258,259,"('B:D258', 'B:Q259')",False,False,False,3438,0.0134,0.2134
gi,"('B', 'B')","(40, 284)",40,284,"('B:V40', 'B:L284')",False,False,False,3450,0.0134,0.2134
gi,"('B', 'B')","(15, 18)",15,18,"('B:K15', 'B:I18')",False,False,False,3422,0.0133,0.2133
gi,"('R', 'R')","(836, 840)",836,840,"('R:F198', 'R:V202')",False,False,False,3412,0.0133,0.2133
gi,"('A', 'A')","(562, 566)",562,566,"('A:I151', 'A:P155')",False,False,False,3410,0.0132,0.2132
gi,"('A', 'A')","(616, 619)",616,619,"('A:V205', 'A:V208')",False,False,False,3400,0.0132,0.2132
gi,"('B', 'B')","(151, 158)",151,158,"('B:F151', 'B:V158')",False,False,False,3382,0.0131,0.2131
gi,"('A', 'A')","(446, 484)",446,484,"('A:L35', 'A:D73')",False,False,False,3362,0.0131,0.2131
gi,"('R', 'R')","(778, 780)",778,780,"('R:S140', 'R:V142')",False,False,False,3360,0.0131,0.2131
gi,"('R', 'R')","(711, 788)",711,788,"('R:I73', 'R:L150')",True,False,False,3360,0.0131,0.2131
gi,"('A', 'A')","(513, 516)",513,516,"('A:D102', 'A:L105')",False,False,False,3348,0.013,0.213
gi,"('B', 'B')","(190, 200)",190,200,"('B:L190', 'B:V200')",False,False,False,3342,0.013,0.213
gi,"('A', 'A')","(547, 626)",547,626,"('A:S136', 'A:V215')",True,False,False,3338,0.013,0.213
gi,"('A', 'A')","(461, 619)",461,619,"('A:M50', 'A:V208')",False,False,False,3328,0.0129,0.2129
gi,"('B', 'G')","(326, 401)",326,401,"('B:A326', 'G:F61')",True,True,False,3326,0.0129,0.2129
gi,"('A', 'A')","(512, 561)",512,561,"('A:S101', 'A:K150')",False,False,False,3310,0.0129,0.2129
gi,"('B', 'B')","(81, 90)",81,90,"('B:I81', 'B:V90')",False,False,False,3298,0.0128,0.2128
gi,"('R', 'R')","(757, 758)",757,758,"('R:A119', 'R:V120')",False,False,False,3282,0.0128,0.2128
gi,"('R', 'R')","(876, 877)",876,877,"('R:G238', 'R:Y239')",False,False,False,3304,0.0128,0.2128
gi,"('A', 'R')","(631, 735)",631,735,"('A:N220', 'R:A97')",True,True,False,3304,0.0128,0.2128
gi,"('B', 'B')","(311, 331)",311,331,"('B:H311', 'B:S331')",False,False,False,3278,0.0127,0.2127
gi,"('R', 'R')","(852, 856)",852,856,"('R:M214', 'R:C218')",True,False,False,3278,0.0127,0.2127
gi,"('B', 'B')","(157, 170)",157,170,"('B:I157', 'B:D170')",False,False,False,3244,0.0126,0.2126
gi,"('A', 'A')","(458, 463)",458,463,"('A:V47', 'A:I52')",False,False,False,3242,0.0126,0.2126
gi,"('R', 'R')","(739, 743)",739,743,"('R:P101', 'R:S105')",False,False,False,3220,0.0125,0.2125
gi,"('B', 'B')","(201, 211)",201,211,"('B:S201', 'B:W211')",False,False,False,3220,0.0125,0.2125
gi,"('R', 'R')","(851, 854)",851,854,"('R:I213', 'R:V216')",False,False,False,3212,0.0125,0.2125
gi,"('A', 'A')","(613, 616)",613,616,"('A:T202', 'A:V205')",False,False,False,3204,0.0124,0.2124
gi,"('B', 'B')","(252, 259)",252,259,"('B:L252', 'B:Q259')",False,False,False,3204,0.0124,0.2124
gi,"('B', 'B')","(151, 157)",151,157,"('B:F151', 'B:I157')",False,False,False,3178,0.0123,0.2123
gi,"('A', 'A')","(431, 435)",431,435,"('A:L20', 'A:G24')",False,False,False,3172,0.0123,0.2123
gi,"('B', 'B')","(7, 11)",7,11,"('B:L7', 'B:A11')",False,False,False,3166,0.0123,0.2123
gi,"('R', 'R')","(897, 899)",897,899,"('R:A259', 'R:S261')",True,False,False,3158,0.0123,0.2123
gi,"('R', 'R')","(847, 850)",847,850,"('R:F209', 'R:N212')",False,False,False,3136,0.0122,0.2122
gi,"('A', 'A')","(505, 548)",505,548,"('A:I94', 'A:I137')",False,False,False,3142,0.0122,0.2122
gi,"('B', 'G')","(259, 370)",259,370,"('B:Q259', 'G:V30')",True,True,False,3144,0.0122,0.2122
gi,"('B', 'G')","(284, 391)",284,391,"('B:L284', 'G:L51')",True,True,False,3152,0.0122,0.2122
gi,"('R', 'R')","(687, 688)",687,688,"('R:M49', 'R:P50')",False,False,False,3146,0.0122,0.2122
gi,"('B', 'B')","(201, 208)",201,208,"('B:S201', 'B:A208')",False,False,False,3120,0.0121,0.2121
gi,"('B', 'B')","(62, 104)",62,104,"('B:H62', 'B:A104')",False,False,False,3116,0.0121,0.2121
gi,"('A', 'A')","(457, 551)",457,551,"('A:I46', 'A:F140')",False,False,False,3086,0.012,0.212
gi,"('B', 'B')","(124, 133)",124,133,"('B:Y124', 'B:V133')",False,False,False,3084,0.012,0.212
gi,"('B', 'B')","(59, 74)",59,74,"('B:Y59', 'B:S74')",False,False,False,3082,0.012,0.212
gi,"('R', 'R')","(798, 802)",798,802,"('R:S160', 'R:F164')",False,False,False,3044,0.0118,0.2118
gi,"('B', 'B')","(47, 339)",47,339,"('B:T47', 'B:W339')",False,False,False,3044,0.0118,0.2118
gi,"('R', 'R')","(649, 650)",649,650,"('R:A11', 'R:G12')",False,False,False,3034,0.0118,0.2118
gi,"('B', 'B')","(122, 135)",122,135,"('B:S122', 'B:V135')",False,False,False,3030,0.0118,0.2118
gi,"('R', 'R')","(644, 647)",644,647,"('R:I6', 'R:T9')",False,False,False,3010,0.0117,0.2117
gi,"('R', 'R')","(658, 659)",658,659,"('R:V20', 'R:S21')",True,False,False,3002,0.0117,0.2117
gi,"('B', 'B')","(74, 78)",74,78,"('B:S74', 'B:K78')",False,False,False,3004,0.0117,0.2117
gi,"('B', 'B')","(64, 71)",64,71,"('B:G64', 'B:V71')",False,False,False,3010,0.0117,0.2117
gi,"('R', 'R')","(868, 871)",868,871,"('R:L230', 'R:V233')",False,False,False,3016,0.0117,0.2117
gi,"('B', 'B')","(157, 171)",157,171,"('B:I157', 'B:I171')",False,False,False,3018,0.0117,0.2117
gi,"('R', 'R')","(891, 893)",891,893,"('R:N253', 'R:T255')",False,False,False,2992,0.0116,0.2116
gi,"('B', 'B')","(242, 243)",242,243,"('B:A242', 'B:T243')",False,False,False,2992,0.0116,0.2116
