condition,chain,node,revised_node,domain,conserved,weight,normalized_weight
gi,A,499,A:F88,ras_domain,False,367604,1.0
gi,R,739,R:P101,ICL2,False,266348,0.7232
gi,A,624,A:T213,alpha5_helix,False,265642,0.7213
gi,A,502,A:V91,ras_domain,False,260036,0.7059
gi,R,735,R:A97,TM3,False,257244,0.6983
gi,A,623,A:V212,alpha5_helix,False,236146,0.6406
gi,A,504,A:A93,ras_domain,False,218224,0.5916
gi,R,731,R:D93,TM3,True,218180,0.5915
gi,B,117,B:L117,beta_propeller,False,191154,0.5176
gi,A,498,A:C87,ras_domain,False,183192,0.4959
gi,R,727,R:A89,TM3,False,180548,0.4886
gi,B,59,B:Y59,beta_propeller,False,167798,0.4538
gi,B,146,B:L146,beta_propeller,False,167188,0.4521
gi,R,724,R:H86,TM3,False,120950,0.3257
gi,A,445,A:L34,ras_domain,False,113034,0.3041
gi,B,187,B:V187,beta_propeller,False,90814,0.2433
gi,B,161,B:S161,beta_propeller,False,90204,0.2417
gi,B,190,B:L190,beta_propeller,False,82472,0.2205
gi,B,318,B:L318,beta_propeller,False,70748,0.1885
gi,B,208,B:A208,beta_propeller,False,69806,0.1859
gi,B,160,B:S160,beta_propeller,False,67112,0.1785
gi,B,202,B:G202,beta_propeller,False,64540,0.1715
gi,R,720,R:A82,TM3,False,60130,0.1595
gi,B,58,B:I58,beta_propeller,False,54838,0.145
gi,B,286,B:L286,beta_propeller,False,47534,0.125
gi,B,232,B:I232,beta_propeller,False,46842,0.1231
gi,A,551,A:F140,ras_domain,False,44704,0.1173
gi,R,723,R:M85,TM3,False,44018,0.1154
gi,A,446,A:L35,ras_domain,False,43546,0.1141
gi,A,549,A:I138,ras_domain,False,43446,0.1138
gi,A,503,A:T92,ras_domain,False,43284,0.1134
gi,B,73,B:A73,beta_propeller,False,41702,0.1091
gi,G,359,G:L19,coiled_coil,False,41472,0.1085
gi,B,221,B:T221,beta_propeller,False,40900,0.1069
gi,B,22,B:R22,beta_propeller,False,40560,0.106
gi,B,317,B:C317,beta_propeller,False,40262,0.1051
gi,G,362,G:E22,coiled_coil,False,40082,0.1047
gi,A,506,A:I95,ras_domain,False,40050,0.1046
gi,B,242,B:A242,beta_propeller,False,39890,0.1041
gi,R,733,R:Y95,TM3,True,39282,0.1025
gi,A,622,A:A211,alpha5_helix,False,39084,0.1019
gi,R,718,R:S80,TM3,False,38544,0.1004
gi,A,626,A:V215,alpha5_helix,False,38156,0.0994
gi,R,812,R:T174,TM5,False,37958,0.0988
gi,R,678,R:A40,TM2,False,37790,0.0984
gi,A,508,A:C97,ras_domain,False,36724,0.0955
gi,B,330,B:G330,beta_propeller,False,36460,0.0948
gi,A,628,A:I217,alpha5_helix,False,36450,0.0947
gi,A,632,A:L221,alpha5_helix,False,36166,0.0939
gi,A,507,A:F96,ras_domain,False,35932,0.0933
gi,B,80,B:I80,beta_propeller,False,34416,0.0892
gi,A,619,A:V208,ras_domain,False,33844,0.0876
gi,B,222,B:F222,beta_propeller,False,33146,0.0857
gi,B,258,B:D258,beta_propeller,False,32956,0.0852
gi,R,671,R:F33,TM2,False,32848,0.0849
gi,B,89,B:K89,beta_propeller,False,31880,0.0822
gi,B,18,B:I18,beta_propeller,False,31778,0.082
gi,R,719,R:T81,TM3,False,31682,0.0817
gi,B,101,B:M101,beta_propeller,False,31688,0.0817
gi,R,877,R:Y239,TM7,False,31564,0.0814
gi,R,715,R:V77,TM3,False,29954,0.077
gi,A,511,A:L100,ras_domain,False,29122,0.0747
gi,B,252,B:L252,beta_propeller,False,28250,0.0723
gi,A,447,A:L36,ras_domain,False,27660,0.0707
gi,R,711,R:I73,TM3,False,27214,0.0695
gi,A,509,A:V98,ras_domain,False,27230,0.0695
gi,B,63,B:W63,beta_propeller,False,27124,0.0692
gi,B,328,B:A328,beta_propeller,False,26688,0.068
gi,A,530,A:S119,ras_domain,False,25448,0.0646
gi,B,102,B:T102,beta_propeller,False,25370,0.0644
gi,A,627,A:I216,alpha5_helix,False,25146,0.0638
gi,B,276,B:V276,beta_propeller,False,25072,0.0636
gi,A,558,A:F147,ras_domain,False,25070,0.0636
gi,B,261,B:L261,beta_propeller,False,24796,0.0629
gi,R,682,R:L44,TM2,False,24768,0.0628
gi,A,550,A:L139,ras_domain,False,24544,0.0622
gi,B,157,B:I157,beta_propeller,False,24174,0.0612
gi,B,259,B:Q259,beta_propeller,False,23950,0.0606
gi,A,637,A:L226,alpha5_helix,False,23212,0.0585
gi,A,424,A:S13,ras_domain,False,22788,0.0574
gi,R,808,R:I170,TM5,False,22770,0.0573
gi,A,631,A:N220,alpha5_helix,False,22770,0.0573
gi,G,355,G:L15,coiled_coil,False,22686,0.0571
gi,A,552,A:L141,ras_domain,False,22328,0.0561
gi,B,191,B:S191,beta_propeller,False,21676,0.0543
gi,R,805,R:P167,TM5,True,21572,0.0541
gi,G,352,G:A12,coiled_coil,False,21194,0.053
gi,R,674,R:S36,TM2,False,21198,0.053
gi,R,722,R:I84,TM3,False,21052,0.0526
gi,R,687,R:M49,TM2,False,20452,0.051
